<?xml version="1.0" encoding="UTF-8" standalone="yes"?>
<addon id="repository.darkside" name="The Dark Side Repository" version="0.0.6" provider-name="laffinatcha - tikkes">
	<extension point="xbmc.addon.repository" name="The Dark Side Repository">
		<dir>
            <info compressed="false">https://raw.githubusercontent.com/teamuniversal/scrapers/master/_modules4all/zips/addons.xml</info>
            <checksum>https://raw.githubusercontent.com/teamuniversal/scrapers/master/_modules4all/zips/addons.xml.md5</checksum>
            <datadir zip="true">https://raw.githubusercontent.com/teamuniversal/scrapers/master/_modules4all/zips/</datadir>
        </dir>
        <dir>
			<info compressed="false">https://raw.githubusercontent.com/Tikkes/darkside-repo/master/zips/addons.xml</info>
			<checksum>https://raw.githubusercontent.com/Tikkes/darkside-repo/master/zips/addons.xml.md5</checksum>
			<datadir zip="true">https://raw.githubusercontent.com/Tikkes/darkside-repo/master/zips/</datadir>
		</dir>
		<dir>
			<info compressed="false">https://raw.githubusercontent.com/totalrevolution/python-koding/master/zips/addons.xml</info>
			<checksum>https://raw.githubusercontent.com/totalrevolution/python-koding/master/zips/addons.xml.md5</checksum>
			<datadir zip="true">https://raw.githubusercontent.com/totalrevolution/python-koding/master/zips/</datadir>
		</dir>
	</extension>
	<extension point="xbmc.addon.metadata">
		<summary lang="en">The Dark Side Repository</summary>
		<description lang="en">Home of Project Death Star Addon</description>
		<genre>movies,tvshows</genre>
	</extension>
</addon>