
*****ACTORS*****


<dir>
      <title>[B][COLORwhite]Johnny Depp[/COLOR][/B]</title>
      <tmdb>person/movies/85</tmdb>
</dir>

<dir>
      <title>[B][COLORwhite]Anthony Hopkins[/COLOR][/B]</title>
      <tmdb>person/movies/4173</tmdb>
</dir>

<dir>
      <title>[B][COLORwhite]Al Pacino[/COLOR][/B]</title>
      <tmdb>person/movies/1158</tmdb>
</dir>

<dir>
      <title>[B][COLORwhite]Tom Cruise[/COLOR][/B]</title>
      <tmdb>person/movies/500</tmdb>
</dir>

<dir>
      <title>[B][COLORwhite]Pierce Brosnan[/COLOR][/B]</title>
      <tmdb>person/movies/517</tmdb>
</dir>

<dir>
      <title>[B][COLORwhite]Harrison Ford[/COLOR][/B]</title>
      <tmdb>person/movies/3</tmdb>
</dir>

<dir>
      <title>[B][COLORwhite]Kevin Costner[/COLOR][/B]</title>
      <tmdb>person/movies/1269</tmdb>
</dir>

<dir>
      <title>[B][COLORwhite]Michael Caine[/COLOR][/B]</title>
      <tmdb>person/movies/3895</tmdb>
</dir>

<dir>
      <title>[B][COLORwhite]Morgan Freeman[/COLOR][/B]</title>
      <tmdb>person/movies/192</tmdb>
</dir>

<dir>
      <title>[B][COLORwhite]Robin Williams[/COLOR][/B]</title>
      <tmdb>person/movies/2157</tmdb>
</dir>

<dir>
      <title>[B][COLORwhite]Clint Eastwood[/COLOR][/B]</title>
      <trakt>https://api.trakt.tv/people/clint-eastwood/movies</trakt>
</dir>

<dir>
      <title>[B][COLORwhite]John Wayne[/COLOR][/B]</title>
      <trakt>https://api.trakt.tv/people/john-wayne/movies</trakt>
</dir>

<dir>
      <title>[B][COLORwhite]Arnold Schwarzenegger[/COLOR][/B]</title>
      <trakt>https://api.trakt.tv/people/arnold-schwarzenegger/movies</trakt>
</dir>

<dir>
      <title>[B][COLORwhite]Samuel L. Jackson[/COLOR][/B]</title>
      <trakt>https://api.trakt.tv/people/samuel-l-jackson/movies</trakt>
</dir>

<dir>
      <title>[B][COLORwhite]Tom Hanks[/COLOR][/B]</title>
      <trakt>https://api.trakt.tv/people/tom-hanks/movies</trakt>
</dir>

<dir>
      <title>[B][COLORwhite]Sylvester Stallone[/COLOR][/B]</title>
      <trakt>https://api.trakt.tv/people/Sylvester-Stallone/movies</trakt>
</dir>

<dir>
      <title>[B][COLORwhite]Brad Pitt[/COLOR][/B]</title>
      <trakt>https://api.trakt.tv/people/Brad-Pitt/movies</trakt>
</dir>

<dir>
      <title>[B][COLORwhite]Liam Neeson[/COLOR][/B]</title>
      <trakt>https://api.trakt.tv/people/Liam-Neeson/movies</trakt>
</dir>

<dir>
      <title>[B][COLORwhite]Denzel Washington[/COLOR][/B]</title>
      <trakt>https://api.trakt.tv/people/Denzel-Washington/movies</trakt>
</dir>

<dir>
      <title>[B][COLORwhite]Dustin Hoffman[/COLOR][/B]</title>
      <trakt>https://api.trakt.tv/people/Dustin-Hoffman/movies</trakt>
</dir>

<dir>
      <title>[B][COLORwhite]Jason Statham[/COLOR][/B]</title>
      <trakt>https://api.trakt.tv/people/Jason-Statham/movies</trakt>
</dir>

<dir>
      <title>[B][COLORwhite]Eddie Murphy[/COLOR][/B]</title>
      <trakt>https://api.trakt.tv/people/Eddie-Murphy/movies</trakt>
</dir>

<dir>
      <title>[B][COLORwhite]Nicolas Cage[/COLOR][/B]</title>
      <trakt>https://api.trakt.tv/people/Nicolas-Cage/movies</trakt>
</dir>

<dir>
      <title>[B][COLORwhite]Robert De Niro[/COLOR][/B]</title>
      <trakt>https://api.trakt.tv/people/Robert-De-Niro/movies</trakt>
</dir>

<dir>
      <title>[B][COLORwhite]Michael Caine[/COLOR][/B]</title>
      <trakt>https://api.trakt.tv/people/Michael-Caine/movies</trakt>
</dir>

<dir>
      <title>[B][COLORwhite]Harrison Ford[/COLOR][/B]</title>
      <trakt>https://api.trakt.tv/people/Harrison-Ford/movies</trakt>
</dir>

<dir>
      <title>[B][COLORwhite]Kevin Costner[/COLOR][/B]</title>
      <trakt>https://api.trakt.tv/people/Kevin-Costner/movies</trakt>
</dir>

<dir>
      <title>[B][COLORwhite]Kurt Russell[/COLOR][/B]</title>
      <trakt>https://api.trakt.tv/people/Kurt-Russell/movies</trakt>
</dir>

<dir>
      <title>[B][COLORwhite]Anthony Quinn[/COLOR][/B]</title>
      <trakt>https://api.trakt.tv/people/Anthony-Quinn/movies</trakt>
</dir>

<dir>
      <title>[B][COLORwhite]Mel Gibson[/COLOR][/B]</title>
      <trakt>https://api.trakt.tv/people/Mel-Gibson/movies</trakt>
</dir>

<dir>
      <title>[B][COLORwhite]Mickey Rourke[/COLOR][/B]</title>
      <trakt>https://api.trakt.tv/people/Mickey-Rourke/movies</trakt>
</dir>

<dir>
      <title>[B][COLORwhite]Joe Pesci[/COLOR][/B]</title>
      <trakt>https://api.trakt.tv/people/Joe-Pesci/movies</trakt>
</dir>

<dir>
      <title>[B][COLORwhite]Jack Nicholson[/COLOR][/B]</title>
      <trakt>https://api.trakt.tv/people/Jack-Nicholson/movies</trakt>
</dir>

<dir>
      <title>[B][COLORwhite]Tommy Lee Jones[/COLOR][/B]</title>
      <trakt>https://api.trakt.tv/people/Tommy-Lee-Jones/movies</trakt>
</dir>

<dir>
      <title>[B][COLORwhite]Robert Carlyle[/COLOR][/B]</title>
      <trakt>https://api.trakt.tv/people/Robert-Carlyle/movies</trakt>
</dir>

<dir>
      <title>[B][COLORwhite]Sean Bean[/COLOR][/B]</title>
      <trakt>https://api.trakt.tv/people/Sean-Bean/movies</trakt>
</dir>

<dir>
      <title>[B][COLORwhite]Seth Rogen[/COLOR][/B]</title>
      <trakt>https://api.trakt.tv/people/Seth-Rogen/movies</trakt>
</dir>

<dir>
      <title>[B][COLORwhite]Ben Affleck[/COLOR][/B]</title>
      <trakt>https://api.trakt.tv/people/Ben-Affleck/movies</trakt>
</dir>

<dir>
      <title>[B][COLORwhite]Bradley Cooper[/COLOR][/B]</title>
      <trakt>https://api.trakt.tv/people/Bradley-Cooper/movies</trakt>
</dir>

<dir>
      <title>[B][COLORwhite]Christian Bale[/COLOR][/B]</title>
      <trakt>https://api.trakt.tv/people/Christian-Bale/movies</trakt>
</dir>

<dir>
      <title>[B][COLORwhite]Adam Sandler[/COLOR][/B]</title>
      <trakt>https://api.trakt.tv/people/Adam-Sandler/movies</trakt>
</dir>

<dir>
      <title>[B][COLORwhite]Russell Crowe[/COLOR][/B]</title>
      <trakt>https://api.trakt.tv/people/Russell-Crowe/movies</trakt>
</dir>

<dir>
      <title>[B][COLORwhite]Keanu Reeves[/COLOR][/B]</title>
      <trakt>https://api.trakt.tv/people/Keanu-Reeves/movies</trakt>
</dir>

<dir>
      <title>[B][COLORwhite]Ben Stiller[/COLOR][/B]</title>
      <trakt>https://api.trakt.tv/people/Ben-Stiller/movies</trakt>
</dir>

<dir>
      <title>[B][COLORwhite]Jim Carrey[/COLOR][/B]</title>
      <trakt>https://api.trakt.tv/people/Jim-Carrey/movies</trakt>
</dir>

<dir>
      <title>[B][COLORwhite]Matt Damon[/COLOR][/B]</title>
      <trakt>https://api.trakt.tv/people/Matt-Damon/movies</trakt>
</dir>

<dir>
      <title>[B][COLORwhite]Kevin Spacey[/COLOR][/B]</title>
      <trakt>https://api.trakt.tv/people/Kevin-Spacey/movies</trakt>
</dir>

<dir>
      <title>[B][COLORwhite]Ryan Reynolds[/COLOR][/B]</title>
      <trakt>https://api.trakt.tv/people/Ryan-Reynolds/movies</trakt>
</dir>

<dir>
      <title>[B][COLORwhite]Owen Wilson[/COLOR][/B]</title>
      <trakt>https://api.trakt.tv/people/Owen-Wilson/movies</trakt>
</dir>

<dir>
      <title>[B][COLORwhite]Robert Downey Jr[/COLOR][/B]</title>
      <trakt>https://api.trakt.tv/people/Robert-Downey-Jr/movies</trakt>
</dir>



<dir>
        <title>[B][COLORwhite]SEARCH ME[/COLOR][/B]</title>
        <tmdb>search</tmdb>
        <thumbnail>http://www.miniaturelife.org/Addon/images/search.png</thumbnail>
        
</dir>




